{
    "$schema": "https://schema.management.azure.com/schemas/2019-04-01/deploymentParameters.json#",
    "contentVersion": "1.0.0.0",
    "parameters": {
        "environmentName": {
            "value": "${AZURE_ENV_NAME}"
        },
        "location": {
            "value": "${AZURE_LOCATION}"
        },
        "administratorLogin": {
            "value": "postgres"
        },
        "administratorLoginPassword": {
            "value": "${POSTGRES_PASSWORD}"
        },
        "jwtKey": {
            "value": "37301188386789253435490698376144"
        },
        "jwtIssuer": {
            "value": "ProductApi"
        },
        "jwtAudience": {
            "value": "ProductApiUsers"
        }
    }
}
